"GeneSymbol","Entrez_ID"
"SLC9B1","150159"
"IDUA","3425"
"FGFRL1","53834"
"HAND2","9464"
"ARHGAP10","79658"
"PANCR","110231149"
"MIR297","100126354"
"LINC01438","106144527"
"GSDMB","55876"
"KCNN2","3781"
"AKAP6","9472"
"SNRNP27","11017"
"GMCL1","64395"
"SUN1","23353"
"HOTTIP","100316868"
"SUGP1","57794"
"SCN10A","6336"
"ARMH3","79591"
"LPA","4018"
"LRMDA","83938"
"GJA5","2702"
"FAM13B","51306"
"CAV1","857"
"SPON1","10418"
"SH3PXD2A","9644"
"ZNF689","115509"
"NAV2","89797"
"PTGES3","10728"
"RBM20","282996"
"PPFIA4","8497"
"PSMB7","5695"
"ADGRD2","347088"
"HIP1R","9026"
"FGD5","152273"
"RFX4","5992"
"FBRSL1","57666"
"ELOVL3","83401"
"PITX3","5309"
"TOMM22P5","390007"
"CACUL1","143384"
"RAD9A","5883"
"LINC01681","105371609"
"PHLDB2","90102"
"PLCXD2","257068"
"AOPEP","84909"
"JMJD1C","221037"
"CTNNA3","29119"
"SYNPO2L","79933"
"RHOG","391"
"KNOP1P1","100129937"
"RN7SL38P","106480932"
"APOLD1","81575"
"CRADD","8738"
"LINC01629","105370578"
"LINC02289","102724190"
"OR7E161P","389626"
"DEFB136","613210"
"MROH9","80133"
"PRRX1","5396"
"SPATS2L","26010"
"DDX18P3","442164"
"MPPED2","744"
"PRDM11","56981"
"ACAD10","80724"
"PTPN11","5781"
"TBX5","6910"
"RN7SKP250","106479206"
"MVK","4598"
"FTO","79068"
"LINC02869","440714"
"FGF5","2250"
"PRDM8","56978"
"KCND3","3752"
"PFKFB2","5208"
"USP34","9736"
"RNA5SP214","100873474"
"VGLL2","245806"
"SNORA70","26778"
"RN7SL734P","106479490"
"CPEB4","80315"
"UBA52P7","100128617"
"SIL1","64374"
"NOL12","79159"
"TRIOBP","11078"
"PITX2","5308"
"KCNN3","3782"
"PMVK","10654"
"MIR3149","100422921"
"ZFHX4","79776"
"ATXN1","6310"
"SSPN","8082"
"RN7SL569P","106481077"
"RNY4","6086"
"GYPC","2995"
"GJA8","2703"
"RPL36AP23","729075"
"LINC02945","123464519"
"ESR2","2100"
"SYNE2","23224"
"CCDC7","79741"
"PSMD2","5708"
"TES","26136"
"AGBL4","84871"
"THRAP3","9967"
"OBSCN","84033"
"NEURL1","9148"
"TMT1B","196410"
"PSMB3P1","121131"
"DLEC1","9940"
"NRBF2","29982"
"LINC02775","105372911"
"ZPBP2","124626"
"TEX41","401014"
"POLR2M","81488"
"ALDH1A2","8854"
"DNMT3A","1788"
"LRRFIP1","9208"
"NR3C1","2908"
"MIR4302","100422897"
"CDK6","1021"
"PLEC","5339"
"PTCH1","5727"
"TAB2","23118"
"UST","10090"
"CRAMP1","57585"
"MICU2","221154"
"CFL2","1073"
"RPL12P6","440176"
"BICRA","29998"
"CAMK2D","817"
"CAV2","858"
"IGFBP3","3486"
"FTLP15","442304"
"PTK2","5747"
"ESRRG","2104"
"GPATCH2","55105"
"MDM4","4194"
"IL6R","3570"
"DGKB","1607"
"SLIT3","6586"
"PKIB","5570"
"MTCYBP4","100873169"
"EYA4","2070"
"FILIP1","27145"
"MYO6","4646"
"HMGA1","3159"
"CYCSP55","157317"
"SLK","9748"
"STN1","79991"
"REEP3","221035"
"TMEM273","170371"
"P4HA1","5033"
"DNAH10OS","642797"
"CCDC92","80212"
"DNAH10","196385"
"HVCN1","84329"
"TCTN1","79600"
"PIRAT1","101929559"
"DNAJC12","56521"
"SLC35D2","11046"
"BSX","390259"
"SAE1P1","341056"
"LINC02459","105369996"
"BRWD1","54014"
"DTX3L","151636"
"FNDC3B","64778"
"MOB1B","92597"
"ABLIM1","3983"
"TLE3","7090"
"CYTH1","9267"
"TTN","7273"
"LRIG1","26018"
"WDR1","9948"
"LINC02269","101928478"
"HMGB3P18","644502"
"EXT1","2131"
"ASH1L","55870"
"PPP2R3A","5523"
"SMIM38","107984345"
"MYEOV","26579"
"PKP2","5318"
"OSTF1P1","386654"
"RREB1","6239"
"IGF1R","3480"
"MBD5","55777"
"ERBB4","2066"
"NUDT3","11165"
"RPL35P2","646766"
"ENPEP","2028"
"SHROOM3","57619"
"LYPLA1P2","391686"
"GHR","2690"
"CGA","1081"
"RCN1P1","442234"
"ZFPM2","23414"
"KDM3A","55818"
"MYO18B","84700"
"SLC27A6","28965"
"AIDAP3","100128360"
"LINC00470","56651"
"FBXO11","80204"
"PPIAP62","101928610"
"ZFHX3","463"
"CALM2P1","100128390"
"CASC17","101928165"
"PCM1","5108"
"SLC35F1","222553"
"CEP85L","387119"
"RPL3L","6123"
"WNT8A","7478"
"IFT81","28981"
"CIT","11113"
"DLEU1","10301"
"CDC25C","995"
"KDM4B","23030"
"LINC02681","101927419"
"GJA1","2697"
"CDC27","996"
"LRRC37A17P","644397"
"ZNF678","339500"
"CNNM2","54805"
"USP3","9960"
"MIR6500","102466656"
"C1orf185","284546"
"SESTD1","91404"
"GCOM1","145781"
"MYZAP","100820829"
"SHISAL2A","348378"
"SANBR","84542"
"FANCC","2176"
"SUFU","51684"
"FXR2","9513"
"UQCRHP1","100130756"
"NCR3","259197"
"WNT3","7473"
"NACA","4666"
"FRMD4B","23150"
"RARB","5915"
"PAK2","5062"
"LOXL1","4016"
"XPO7","23039"
"CFAP58","159686"
"HBEGF","1839"
"PFDN1","5201"
"PRDM6","93166"
"CCDC136","64753"
"NRBP1","29959"
"PPM1G","5496"
"ASTN2","23245"
"PAPPA","5069"
"SMARCAD1","56916"
"GORAB","92344"
"ARHGAP26","23092"
"FADS1","3992"
"FADS2","9415"
"AGPAT1","10554"
"WIPF1","7456"
"GOSR2","9570"
"ZMIZ1","57178"
"LRCH1","23143"
"LINC02329","105370605"
"NPM1P42","729686"
"SYNE3","161176"
"POLD1","5424"
"RNF14P2","116435284"
"EPAS1","2034"
"UBE4B","10277"
"KLF12","11278"
"HPS6","79803"
"PALMD","54873"
"SORL1","6653"
"NEO1","4756"
"MEI1","150365"
"FTCDNL1","348751"
"LIN54","132660"
"POLR2A","5430"
"BAZ1B","9031"
"JPH2","57158"
"DCBLD1","285761"
"DPF3","8110"
"RN7SKP31","106480842"
"SLC16A12","387700"
"LINC01713","105372516"
"CASC20","101929244"
"METAP2P1","727713"
"DSG2","1829"
"MANBA","4126"
"UBE2D3","7323"
"REEP2","51308"
"EBLN1","340900"
"ADIPOR1P1","645220"
"UBE2L3","7332"
"SMARCB1","6598"
"KCNH2","3757"
"LHX3","8022"
"RPS2","6187"
"SOX5","6660"
"NEBL","10529"
"TCEA3","6920"
"SLC25A26","115286"
"CUL4A","8451"
"AP3D1","8943"
"PSMC1P5","106480732"
"LINC01950","102467213"
"MAPT","4137"
"ZBED1P1","645145"
"RPS29P10","100132037"
"XPO1","7514"
"NFYB","4801"
"CETP","1071"
"HERPUD1","9709"
"CEP68","23177"
"LINC02576","102724233"
"LINC02245","400958"
"SLC4A4","8671"
"LIPC","3990"
"HCFC2","29915"
"HIGD1C","613227"
"PITPNC1","26207"
"ITGA9","3680"
"ATP2B1","490"
"CDHR3","222256"
"CISD2","493856"
"ABHD17C","58489"
"KRT18P9","442205"
"LINC01426","100506385"
"CASZ1","54897"
"C5orf47","133491"
"MYH7","4625"
"SCMH1","22955"
"CGNL1","84952"
"NDUFB10P1","100128711"
"TRIB1","10221"
"TRIB1AL","130406855"
"FGFR2","2263"
"MFSD14B","84641"
"RNU6ATAC11P","106481162"
"FXYD4","53828"
"CATSPER3","347732"
"PITX1","5307"
"NRAP","4892"
"RDH5","5959"
"CDKN1A","1026"
"EBPL","84650"
"NME5","8382"
"KDM1B","221656"
"GTF2I","2969"
"LINC00964","157381"
"TFEC","22797"
"BEST3","144453"
"RAB3IP","117177"
"GATA4","2626"
"LINC00208","83655"
"CDC42BPA","8476"
"ZFPM1","161882"
"TUBA8","51807"
"MYH6","4624"
"CASC15","401237"
"HDGFL1","154150"
"NCOR2","9612"
"KIAA1755","85449"
"PCID2","55795"
"ZBTB7B","51043"
"ZNF664","144348"
"RFLNA","144347"
"CRIM1","51232"
"GBF1","8729"
"AFF3","3899"
"LDB3","11155"
"CUX2","23316"
"METRN","79006"
"FBXL16","146330"
"RAF1P1","348910"
"DDX39AP1","646164"
"SELP","6403"
"SCN5A","6331"
"MLLT3","4300"
"SLC24A2","25769"
"ASAH1","427"
"CASQ2","845"
"HSPA9","3313"
"ADPRHL1","113622"
"PTPRD","5789"
"LRRC10","376132"
"GRHL1","29841"
"KLF11","8462"
"ANO5","203859"
"SMIM30","401397"
"PPP1R3A","5506"
"APOC1","341"
"APOC1P1","342"
"LINC01957","101927059"
"TRIM36","55521"
"NECTIN2","5819"
"BCAM","4059"
"TCF7L2","6934"
"NCOA5","57727"
"RPL13P2","128500"
"ASS1P14","459"
"SYT10","341359"
"MX1","4599"
"CAND2","23066"
"HAUS4P1","100129402"
"MAIP1","79568"
"ARHGAP24","83478"
"CERT1","10087"
"CREB5","9586"
"RSBN1L","222194"
"COG5","10466"
"HIGD1AP18","100874456"
"NCOA2","10499"
"ZNF462","58499"
"VPS37B","79720"
"TDRD15","100129278"
"NUTF2P8","100287183"
"NFATC1","4772"
"ZNF460","10794"
"ZNF543","125919"
"BCL3","602"
"ZNF638","27332"
"GNB4","59345"
"MTHFD2P7","442098"
"RPL29P34","127566424"
"RN7SKP155","106479164"
"KLHL38","340359"
"LINC03002","101928304"
"MEMO1P2","645175"
"ITPK1","3705"
"NUCKS1","64710"
"HES4","57801"
"PERM1","84808"
"FRS2","10818"
"FAM76B","143684"
"NMNAT1P2","100129160"
"NTMT2","149281"
"MCUB","55013"
"PHKG1P3","5262"
"GTF2IP11","106480346"
"KIF1B","23095"
"MYOCD","93649"
"OPN1SW","611"
"EMILIN2","84034"
"SMCHD1","23347"
"H3P6","440926"
"FAF1","11124"
"APOB","338"
"LSP1","4046"
"SMG6","23293"
"KCNB1","3745"
"POLK","51426"
"CAPZB","832"
"THRB","7068"
"LRRC37A13P","106479024"
"USP28","57646"
"ZNF877P","100873811"
"XXYLT1","152002"
"LINC01572","101927957"
"YWHAE","7531"
"CRK","1398"
"POM121C","100101267"
"FOXK1","221937"
"OPLAH","26873"
"RAB25","57111"
"RHBDL2","54933"
"ITPR2","3709"
"RN7SL865P","106481154"
"LINC02463","105370004"
"CCT2","10576"
"LAT","27040"
"NPIPB10P","730153"
"RNA5SP443","106481745"
"ARHGAP27","201176"
"WDR62","284403"
"ANXA4","307"
"SMTN","6525"
"PMS2P3","5387"
"ADRA1A","148"
"DPYSL2","1808"
"FBXO32","114907"
"CELSR2","1952"
"SMAD6","4091"
"SMASR","102723481"
"RPL31P23","391581"
"PCCB","5096"
"SF3B1","23451"
"DUSP13A","128854680"
"DUSP13B","51207"
"SAMD8","142891"
"MXD1","4084"
"KIF3C","3797"
"CLCN6","1185"
"PLCL1","5334"
"ALDH2","217"
"EPHA3","2042"
"SLC30A3","7781"
"ZBTB38","253461"
"IGSF11","152404"
"MTCO1P6","107075137"
"GYG1","2992"
"PKD2L2","27039"
"PLEKHG4B","153478"
"SPOCK1","6695"
"KLHL3","26249"
"RPL7AP33","391850"
"BNIP1","662"
"MIR5197","100846991"
"LINC00326","285735"
"ZNF292","23036"
"OR7E158P","392194"
"ANKRD26","22852"
"FAM238C","387644"
"SIRT1","23411"
"SIK3","23387"
"STIM1","6786"
"ZNF131","7690"
"HCN4","10021"
"HERC1","8925"
"REC114","283677"
"CORO1A","11151"
"MAPK3","5595"
"THADA","63892"
"LINC02808","105378712"
"CBX6","23466"
"BVES","11149"
"TARID","100507308"
"DINOL","108783646"
"PTCHD1","139411"
"CFAP410","755"
"ABHD10","55347"
"RPL23AP8","641614"
"COPG1","22820"
"RPS27P12","100271117"
"PLEKHJ1","55111"
"DOT1L","84444"
"RXRG","6258"
"LMX1A","4009"
"ZFAT","57623"
"MIR30B","407030"
"CREBBP","1387"
"KCNJ5","3762"
"RAB1A","5861"
"HSPG2","3339"
"CELA3B","23436"
"LINC01708","101928270"
"RHPN1","114822"
"TMEM18","129787"
"LINC01875","101927362"
"ARID2","196528"
"MTCO2P6","107075266"
"SEMA5B","54437"
"DLC1","10395"
"LPL","4023"
"RPL30P9","100270981"
"PCCA","5095"
"ALPK1","80216"
"CCND2","894"
"ANKRD31","256006"
"HMGCR","3156"
"E4F1","1877"
"PGP","283871"
"GFPT1","2673"
"SEPTIN6","23157"
"SOWAHD","347454"
"SEMA3C","10512"
"EIF4EP4","100421455"
"FGF13","2258"
"ZNF385D","79750"
"MYPN","84665"
"HERC4","26091"
"GCKR","2646"
"REST","5978"
"ADAM15","8751"
"NME2P3","100288125"
"GALNT12","79695"
"SIGLEC30P","114190"
"DND1P1","644157"
"RDM1P1","112577465"
"AMZ1","155185"
"GNA12","2768"
"VPS37D","155382"
"MLXIPL","51085"
"GTF2IRD2","84163"
"IKZF3","22806"
"THEMIS3P","100420484"
"AKR1B1P6","100129769"
"ZBTB17","7709"
"SMAD7","4092"
"DTNA","1837"
"CCDC62","84660"
"ERBB2","2064"
"PTCSC2","101928337"
"MYH11","4629"
"AKIRIN2","55122"
"FENDRR","400550"
"LINC00917","732275"
"RPL23AP48","728567"
"SIM1","6492"
"PRDX2P4","442239"
"FGF14","2259"
"ZPR1","8882"
"PUS10","150962"
"SPEN","23013"
"TNFSF12","8742"
"ATP2A3","489"
"LINC01975","105371496"
"CEP112","201134"
"PSMD7P1","280637"
"ARHGAP17","55114"
"HAGHL","84264"
"CIAO3","64428"
"SMAD4","4089"
"SRSF10P1","100130799"
"RUNX1","861"
"VEGFA","7422"
"LINC02537","285857"
